Expected,ExpandRate,SampleRate,Index,Time
true,1,256,77,300.78125
true,1,128,38,296.875
true,4,256,307,299.8046875
false,0,256,1,0
false,65535,256,1,0
false,1,0,1,0
false,1,65535,1,0
false,1,256,65535,0