Expected,ExpandRate,SampleRate,Index,Time
true,1,256,77,300.78125
true,1,128,38,296.875
true,4,256,307,299.8046875
false,-2147483648,256,1,0
false,2147483647,256,1,0
false,1,-2147483648,1,0
false,1,2147483647,1,0
false,1,256,-2147483648,0
false,1,256,2147483647,0