Expected,ExpandRate,SampleRate,Index
300.78125,1,256,77
296.875,1,128,38
299.8046875,4,256,307
-1,1,256,-1
-1,0,128,1
-1,1,0,1
